transcript_filename,customer_id,transcript_category
technical_support_0196.txt,1,technical_support
technical_support_0869.txt,2,technical_support
billing_inquiry_0179.txt,3,billing_inquiry
technical_support_0208.txt,4,technical_support
technical_support_0680.txt,5,technical_support
technical_support_0906.txt,5,technical_support
technical_support_0544.txt,6,technical_support
technical_support_0833.txt,7,technical_support
account_management_0084.txt,8,account_management
technical_support_1357.txt,9,technical_support
technical_support_0727.txt,10,technical_support
technical_support_0982.txt,10,technical_support
technical_support_0424.txt,11,technical_support
technical_support_0297.txt,12,technical_support
technical_support_0171.txt,13,technical_support
technical_support_0548.txt,14,technical_support
technical_support_1235.txt,15,technical_support
technical_support_0466.txt,16,technical_support
technical_support_1306.txt,16,technical_support
technical_support_0859.txt,17,technical_support
technical_support_0398.txt,18,technical_support
technical_support_0170.txt,19,technical_support
technical_support_0193.txt,19,technical_support
technical_support_0658.txt,20,technical_support
account_management_0267.txt,21,account_management
billing_inquiry_0053.txt,21,billing_inquiry
technical_support_1083.txt,22,technical_support
account_management_0043.txt,23,account_management
account_management_0098.txt,24,account_management
billing_inquiry_0229.txt,24,billing_inquiry
technical_support_0472.txt,25,technical_support
technical_support_1268.txt,26,technical_support
technical_support_0414.txt,27,technical_support
technical_support_0812.txt,28,technical_support
technical_support_0965.txt,28,technical_support
technical_support_0231.txt,29,technical_support
technical_support_0239.txt,30,technical_support
technical_support_0524.txt,31,technical_support
billing_inquiry_0043.txt,32,billing_inquiry
technical_support_0102.txt,32,technical_support
technical_support_1073.txt,33,technical_support
technical_support_1197.txt,34,technical_support
technical_support_0203.txt,35,technical_support
technical_support_0228.txt,35,technical_support
technical_support_0694.txt,36,technical_support
technical_support_1069.txt,37,technical_support
technical_support_1020.txt,38,technical_support
technical_support_1116.txt,39,technical_support
technical_support_1076.txt,40,technical_support
technical_support_1293.txt,40,technical_support
account_management_0138.txt,41,account_management
account_management_0216.txt,41,account_management
account_management_0028.txt,42,account_management
technical_support_0561.txt,42,technical_support
account_management_0277.txt,43,account_management
technical_support_1022.txt,44,technical_support
technical_support_1326.txt,45,technical_support
technical_support_0790.txt,46,technical_support
technical_support_1388.txt,46,technical_support
account_management_0265.txt,47,account_management
billing_inquiry_0123.txt,47,billing_inquiry
account_management_0173.txt,48,account_management
billing_inquiry_0016.txt,49,billing_inquiry
account_management_0254.txt,50,account_management
technical_support_0132.txt,50,technical_support
billing_inquiry_0100.txt,51,billing_inquiry
technical_support_0365.txt,51,technical_support
technical_support_1198.txt,52,technical_support
technical_support_0632.txt,53,technical_support
account_management_0252.txt,54,account_management
billing_inquiry_0055.txt,55,billing_inquiry
technical_support_1360.txt,55,technical_support
technical_support_1286.txt,56,technical_support
technical_support_0275.txt,57,technical_support
technical_support_1204.txt,58,technical_support
technical_support_0467.txt,59,technical_support
technical_support_0647.txt,60,technical_support
technical_support_0754.txt,60,technical_support
technical_support_0924.txt,61,technical_support
technical_support_0256.txt,62,technical_support
technical_support_1338.txt,62,technical_support
account_management_0184.txt,63,account_management
account_management_0061.txt,64,account_management
billing_inquiry_0274.txt,64,billing_inquiry
account_management_0092.txt,65,account_management
account_management_0069.txt,66,account_management
technical_support_0139.txt,67,technical_support
technical_support_0168.txt,68,technical_support
technical_support_0388.txt,68,technical_support
technical_support_1150.txt,69,technical_support
technical_support_1213.txt,70,technical_support
technical_support_0625.txt,71,technical_support
technical_support_0760.txt,71,technical_support
account_management_0133.txt,72,account_management
technical_support_0433.txt,73,technical_support
technical_support_0650.txt,73,technical_support
technical_support_0327.txt,74,technical_support
technical_support_0572.txt,75,technical_support
technical_support_1085.txt,76,technical_support
account_management_0123.txt,77,account_management
billing_inquiry_0228.txt,78,billing_inquiry
technical_support_1151.txt,78,technical_support
technical_support_1001.txt,79,technical_support
technical_support_0515.txt,80,technical_support
technical_support_0402.txt,81,technical_support
account_management_0197.txt,82,account_management
technical_support_0807.txt,83,technical_support
technical_support_1315.txt,84,technical_support
billing_inquiry_0164.txt,85,billing_inquiry
technical_support_0732.txt,85,technical_support
technical_support_0584.txt,86,technical_support
billing_inquiry_0102.txt,87,billing_inquiry
technical_support_0764.txt,88,technical_support
account_management_0068.txt,89,account_management
technical_support_1078.txt,89,technical_support
billing_inquiry_0069.txt,90,billing_inquiry
technical_support_1343.txt,90,technical_support
account_management_0070.txt,91,account_management
technical_support_0220.txt,92,technical_support
technical_support_0564.txt,93,technical_support
technical_support_0777.txt,94,technical_support
technical_support_0981.txt,94,technical_support
billing_inquiry_0292.txt,95,billing_inquiry
billing_inquiry_0127.txt,96,billing_inquiry
technical_support_0432.txt,96,technical_support
technical_support_0820.txt,97,technical_support
technical_support_0109.txt,98,technical_support
technical_support_0160.txt,99,technical_support
technical_support_1305.txt,99,technical_support
technical_support_0188.txt,100,technical_support
account_management_0188.txt,101,account_management
billing_inquiry_0248.txt,102,billing_inquiry
technical_support_1024.txt,102,technical_support
technical_support_0372.txt,103,technical_support
technical_support_0676.txt,103,technical_support
technical_support_1035.txt,104,technical_support
technical_support_0692.txt,105,technical_support
technical_support_0438.txt,106,technical_support
technical_support_0946.txt,107,technical_support
technical_support_1350.txt,108,technical_support
account_management_0033.txt,109,account_management
technical_support_0896.txt,109,technical_support
technical_support_0659.txt,110,technical_support
technical_support_1233.txt,111,technical_support
technical_support_1331.txt,112,technical_support
account_management_0292.txt,113,account_management
technical_support_1280.txt,114,technical_support
technical_support_0640.txt,115,technical_support
technical_support_0880.txt,116,technical_support
account_management_0298.txt,117,account_management
technical_support_0733.txt,118,technical_support
technical_support_0624.txt,119,technical_support
technical_support_0131.txt,120,technical_support
technical_support_1332.txt,120,technical_support
technical_support_0053.txt,121,technical_support
billing_inquiry_0219.txt,122,billing_inquiry
technical_support_0501.txt,123,technical_support
technical_support_0634.txt,124,technical_support
technical_support_0949.txt,124,technical_support
technical_support_1026.txt,125,technical_support
account_management_0025.txt,126,account_management
technical_support_0876.txt,126,technical_support
billing_inquiry_0236.txt,127,billing_inquiry
technical_support_0576.txt,127,technical_support
technical_support_1096.txt,128,technical_support
technical_support_1203.txt,129,technical_support
technical_support_1209.txt,130,technical_support
technical_support_1378.txt,130,technical_support
technical_support_0201.txt,131,technical_support
technical_support_0510.txt,131,technical_support
technical_support_0904.txt,132,technical_support
technical_support_1059.txt,133,technical_support
technical_support_1028.txt,134,technical_support
technical_support_1089.txt,135,technical_support
account_management_0157.txt,136,account_management
technical_support_0980.txt,136,technical_support
billing_inquiry_0246.txt,137,billing_inquiry
technical_support_0916.txt,137,technical_support
account_management_0266.txt,138,account_management
technical_support_1284.txt,138,technical_support
technical_support_0608.txt,139,technical_support
technical_support_1052.txt,139,technical_support
technical_support_0356.txt,140,technical_support
technical_support_0769.txt,140,technical_support
billing_inquiry_0005.txt,141,billing_inquiry
technical_support_1311.txt,141,technical_support
account_management_0183.txt,142,account_management
account_management_0289.txt,142,account_management
billing_inquiry_0059.txt,143,billing_inquiry
account_management_0200.txt,144,account_management
billing_inquiry_0162.txt,145,billing_inquiry
technical_support_0464.txt,146,technical_support
account_management_0122.txt,147,account_management
technical_support_0214.txt,147,technical_support
technical_support_0113.txt,148,technical_support
technical_support_0445.txt,148,technical_support
technical_support_1366.txt,149,technical_support
billing_inquiry_0279.txt,150,billing_inquiry
technical_support_0114.txt,151,technical_support
billing_inquiry_0062.txt,152,billing_inquiry
technical_support_1367.txt,152,technical_support
technical_support_0571.txt,153,technical_support
technical_support_0687.txt,153,technical_support
technical_support_0309.txt,154,technical_support
billing_inquiry_0159.txt,155,billing_inquiry
account_management_0099.txt,156,account_management
technical_support_0835.txt,157,technical_support
technical_support_1039.txt,158,technical_support
technical_support_0137.txt,159,technical_support
technical_support_0902.txt,159,technical_support
technical_support_0695.txt,160,technical_support
technical_support_0243.txt,161,technical_support
technical_support_1137.txt,161,technical_support
billing_inquiry_0045.txt,162,billing_inquiry
technical_support_0742.txt,163,technical_support
technical_support_0119.txt,164,technical_support
technical_support_1282.txt,164,technical_support
technical_support_0802.txt,165,technical_support
technical_support_0130.txt,166,technical_support
billing_inquiry_0058.txt,167,billing_inquiry
account_management_0019.txt,168,account_management
technical_support_1057.txt,169,technical_support
technical_support_0793.txt,170,technical_support
technical_support_1034.txt,171,technical_support
technical_support_0072.txt,172,technical_support
technical_support_0704.txt,173,technical_support
technical_support_0067.txt,174,technical_support
technical_support_0031.txt,175,technical_support
technical_support_0152.txt,175,technical_support
account_management_0275.txt,176,account_management
technical_support_0037.txt,177,technical_support
account_management_0018.txt,178,account_management
technical_support_0960.txt,178,technical_support
billing_inquiry_0187.txt,179,billing_inquiry
technical_support_0716.txt,180,technical_support
account_management_0253.txt,181,account_management
technical_support_1017.txt,181,technical_support
billing_inquiry_0064.txt,182,billing_inquiry
technical_support_0394.txt,182,technical_support
technical_support_0273.txt,183,technical_support
technical_support_0429.txt,184,technical_support
technical_support_0757.txt,185,technical_support
account_management_0226.txt,186,account_management
technical_support_1345.txt,186,technical_support
technical_support_0183.txt,187,technical_support
account_management_0297.txt,188,account_management
technical_support_0383.txt,188,technical_support
technical_support_0604.txt,189,technical_support
technical_support_1232.txt,190,technical_support
technical_support_0210.txt,191,technical_support
billing_inquiry_0296.txt,192,billing_inquiry
technical_support_0937.txt,193,technical_support
technical_support_0939.txt,193,technical_support
account_management_0198.txt,194,account_management
billing_inquiry_0238.txt,195,billing_inquiry
technical_support_0315.txt,196,technical_support
technical_support_0831.txt,197,technical_support
technical_support_1370.txt,198,technical_support
technical_support_1340.txt,199,technical_support
technical_support_0533.txt,200,technical_support
technical_support_0796.txt,201,technical_support
account_management_0075.txt,202,account_management
technical_support_0289.txt,203,technical_support
technical_support_1060.txt,203,technical_support
technical_support_0875.txt,204,technical_support
technical_support_0826.txt,205,technical_support
technical_support_0878.txt,205,technical_support
billing_inquiry_0295.txt,206,billing_inquiry
technical_support_0194.txt,207,technical_support
technical_support_1254.txt,207,technical_support
technical_support_0818.txt,208,technical_support
account_management_0087.txt,209,account_management
technical_support_0174.txt,209,technical_support
account_management_0114.txt,210,account_management
technical_support_0563.txt,210,technical_support
billing_inquiry_0128.txt,211,billing_inquiry
billing_inquiry_0086.txt,212,billing_inquiry
billing_inquiry_0097.txt,213,billing_inquiry
technical_support_0057.txt,214,technical_support
technical_support_0775.txt,215,technical_support
billing_inquiry_0110.txt,216,billing_inquiry
technical_support_0734.txt,216,technical_support
technical_support_0280.txt,217,technical_support
technical_support_1376.txt,218,technical_support
technical_support_0881.txt,219,technical_support
account_management_0046.txt,220,account_management
technical_support_0744.txt,221,technical_support
technical_support_0848.txt,221,technical_support
account_management_0088.txt,222,account_management
technical_support_0865.txt,223,technical_support
account_management_0011.txt,224,account_management
technical_support_0890.txt,224,technical_support
billing_inquiry_0129.txt,225,billing_inquiry
technical_support_0707.txt,226,technical_support
account_management_0214.txt,227,account_management
account_management_0208.txt,228,account_management
technical_support_0277.txt,229,technical_support
billing_inquiry_0103.txt,230,billing_inquiry
technical_support_0422.txt,230,technical_support
technical_support_0462.txt,231,technical_support
technical_support_0615.txt,232,technical_support
technical_support_0787.txt,232,technical_support
technical_support_1041.txt,233,technical_support
technical_support_1067.txt,234,technical_support
billing_inquiry_0261.txt,235,billing_inquiry
technical_support_1351.txt,235,technical_support
technical_support_0888.txt,236,technical_support
billing_inquiry_0287.txt,237,billing_inquiry
billing_inquiry_0281.txt,238,billing_inquiry
billing_inquiry_0245.txt,239,billing_inquiry
technical_support_1046.txt,240,technical_support
technical_support_0403.txt,241,technical_support
technical_support_0216.txt,242,technical_support
account_management_0090.txt,243,account_management
billing_inquiry_0140.txt,243,billing_inquiry
account_management_0255.txt,244,account_management
billing_inquiry_0050.txt,244,billing_inquiry
technical_support_0856.txt,245,technical_support
technical_support_0538.txt,246,technical_support
technical_support_0617.txt,246,technical_support
billing_inquiry_0276.txt,247,billing_inquiry
technical_support_0164.txt,247,technical_support
technical_support_0158.txt,248,technical_support
technical_support_1397.txt,248,technical_support
technical_support_0893.txt,249,technical_support
technical_support_0912.txt,249,technical_support
billing_inquiry_0083.txt,250,billing_inquiry
technical_support_0483.txt,250,technical_support
technical_support_0096.txt,251,technical_support
technical_support_1236.txt,252,technical_support
technical_support_1144.txt,253,technical_support
technical_support_1327.txt,253,technical_support
technical_support_0657.txt,254,technical_support
account_management_0270.txt,255,account_management
technical_support_0027.txt,255,technical_support
technical_support_0885.txt,256,technical_support
technical_support_0525.txt,257,technical_support
technical_support_0828.txt,258,technical_support
technical_support_1117.txt,259,technical_support
account_management_0177.txt,260,account_management
technical_support_0698.txt,261,technical_support
technical_support_1149.txt,262,technical_support
billing_inquiry_0226.txt,263,billing_inquiry
technical_support_1082.txt,264,technical_support
billing_inquiry_0224.txt,265,billing_inquiry
technical_support_1292.txt,265,technical_support
technical_support_0458.txt,266,technical_support
technical_support_1256.txt,266,technical_support
technical_support_1143.txt,267,technical_support
technical_support_0789.txt,268,technical_support
technical_support_0255.txt,269,technical_support
billing_inquiry_0088.txt,270,billing_inquiry
technical_support_0378.txt,271,technical_support
technical_support_0354.txt,272,technical_support
technical_support_1182.txt,273,technical_support
technical_support_0056.txt,274,technical_support
technical_support_0825.txt,275,technical_support
technical_support_1353.txt,276,technical_support
technical_support_1029.txt,277,technical_support
technical_support_1380.txt,278,technical_support
technical_support_1095.txt,279,technical_support
account_management_0291.txt,280,account_management
technical_support_0063.txt,281,technical_support
technical_support_0911.txt,282,technical_support
technical_support_1302.txt,282,technical_support
technical_support_0122.txt,283,technical_support
technical_support_0124.txt,284,technical_support
technical_support_0361.txt,285,technical_support
account_management_0215.txt,286,account_management
technical_support_0945.txt,287,technical_support
billing_inquiry_0223.txt,288,billing_inquiry
technical_support_0575.txt,288,technical_support
billing_inquiry_0178.txt,289,billing_inquiry
technical_support_1196.txt,290,technical_support
technical_support_0811.txt,291,technical_support
technical_support_1259.txt,292,technical_support
technical_support_0520.txt,293,technical_support
technical_support_1262.txt,294,technical_support
billing_inquiry_0101.txt,295,billing_inquiry
technical_support_0516.txt,296,technical_support
technical_support_1075.txt,296,technical_support
technical_support_0806.txt,297,technical_support
technical_support_1019.txt,297,technical_support
technical_support_0321.txt,298,technical_support
technical_support_1021.txt,299,technical_support
technical_support_0011.txt,300,technical_support
technical_support_0905.txt,300,technical_support
technical_support_0240.txt,301,technical_support
technical_support_0145.txt,302,technical_support
technical_support_0753.txt,302,technical_support
account_management_0137.txt,303,account_management
technical_support_0915.txt,304,technical_support
billing_inquiry_0115.txt,305,billing_inquiry
technical_support_0338.txt,306,technical_support
technical_support_1362.txt,306,technical_support
technical_support_1252.txt,307,technical_support
technical_support_0417.txt,308,technical_support
billing_inquiry_0046.txt,309,billing_inquiry
technical_support_1156.txt,310,technical_support
technical_support_0509.txt,311,technical_support
technical_support_0206.txt,312,technical_support
technical_support_0920.txt,313,technical_support
technical_support_0929.txt,314,technical_support
account_management_0116.txt,315,account_management
technical_support_0623.txt,316,technical_support
technical_support_0855.txt,317,technical_support
technical_support_0336.txt,318,technical_support
technical_support_0967.txt,318,technical_support
account_management_0189.txt,319,account_management
technical_support_0678.txt,319,technical_support
technical_support_0573.txt,320,technical_support
technical_support_0299.txt,321,technical_support
technical_support_1275.txt,322,technical_support
technical_support_0384.txt,323,technical_support
technical_support_1316.txt,323,technical_support
account_management_0109.txt,324,account_management
technical_support_0852.txt,324,technical_support
technical_support_0482.txt,325,technical_support
technical_support_0431.txt,326,technical_support
technical_support_0628.txt,327,technical_support
account_management_0181.txt,328,account_management
account_management_0160.txt,329,account_management
billing_inquiry_0008.txt,330,billing_inquiry
technical_support_0819.txt,330,technical_support
technical_support_0427.txt,331,technical_support
technical_support_1188.txt,331,technical_support
technical_support_0565.txt,332,technical_support
billing_inquiry_0085.txt,333,billing_inquiry
technical_support_0844.txt,333,technical_support
account_management_0182.txt,334,account_management
technical_support_0302.txt,335,technical_support
technical_support_0594.txt,336,technical_support
technical_support_0988.txt,336,technical_support
technical_support_0295.txt,337,technical_support
technical_support_0410.txt,338,technical_support
technical_support_1061.txt,339,technical_support
technical_support_0135.txt,340,technical_support
technical_support_1048.txt,341,technical_support
technical_support_0555.txt,342,technical_support
technical_support_0428.txt,343,technical_support
billing_inquiry_0116.txt,344,billing_inquiry
billing_inquiry_0079.txt,345,billing_inquiry
technical_support_0708.txt,345,technical_support
account_management_0050.txt,346,account_management
billing_inquiry_0082.txt,346,billing_inquiry
technical_support_0058.txt,347,technical_support
technical_support_0138.txt,347,technical_support
technical_support_1120.txt,348,technical_support
technical_support_0371.txt,349,technical_support
technical_support_1160.txt,350,technical_support
technical_support_1325.txt,350,technical_support
technical_support_0086.txt,351,technical_support
billing_inquiry_0052.txt,352,billing_inquiry
technical_support_0749.txt,353,technical_support
technical_support_0822.txt,353,technical_support
technical_support_1223.txt,354,technical_support
technical_support_0840.txt,355,technical_support
technical_support_0814.txt,356,technical_support
account_management_0161.txt,357,account_management
technical_support_0726.txt,357,technical_support
technical_support_1279.txt,358,technical_support
technical_support_1322.txt,358,technical_support
technical_support_0770.txt,359,technical_support
technical_support_1153.txt,359,technical_support
technical_support_0300.txt,360,technical_support
technical_support_0603.txt,360,technical_support
technical_support_1319.txt,361,technical_support
account_management_0212.txt,362,account_management
billing_inquiry_0277.txt,363,billing_inquiry
technical_support_1118.txt,363,technical_support
technical_support_0029.txt,364,technical_support
billing_inquiry_0186.txt,365,billing_inquiry
technical_support_0380.txt,366,technical_support
technical_support_0495.txt,366,technical_support
billing_inquiry_0070.txt,367,billing_inquiry
technical_support_0493.txt,367,technical_support
technical_support_0389.txt,368,technical_support
technical_support_0412.txt,368,technical_support
technical_support_1018.txt,369,technical_support
technical_support_1304.txt,369,technical_support
technical_support_0040.txt,370,technical_support
technical_support_0719.txt,370,technical_support
billing_inquiry_0060.txt,371,billing_inquiry
technical_support_1248.txt,372,technical_support
technical_support_0839.txt,373,technical_support
account_management_0221.txt,374,account_management
technical_support_0415.txt,374,technical_support
technical_support_0150.txt,375,technical_support
technical_support_0313.txt,375,technical_support
technical_support_0957.txt,376,technical_support
billing_inquiry_0234.txt,377,billing_inquiry
technical_support_0993.txt,378,technical_support
technical_support_0791.txt,379,technical_support
technical_support_0860.txt,379,technical_support
technical_support_0258.txt,380,technical_support
account_management_0281.txt,381,account_management
account_management_0300.txt,382,account_management
technical_support_0162.txt,382,technical_support
billing_inquiry_0020.txt,383,billing_inquiry
technical_support_0551.txt,384,technical_support
technical_support_0304.txt,385,technical_support
technical_support_0785.txt,385,technical_support
technical_support_0118.txt,386,technical_support
technical_support_0236.txt,387,technical_support
technical_support_0328.txt,387,technical_support
technical_support_0746.txt,388,technical_support
technical_support_0959.txt,388,technical_support
account_management_0228.txt,389,account_management
technical_support_0191.txt,389,technical_support
technical_support_0521.txt,390,technical_support
billing_inquiry_0065.txt,391,billing_inquiry
technical_support_1249.txt,391,technical_support
technical_support_0375.txt,392,technical_support
technical_support_1361.txt,393,technical_support
technical_support_1135.txt,394,technical_support
technical_support_1215.txt,395,technical_support
account_management_0032.txt,396,account_management
billing_inquiry_0269.txt,396,billing_inquiry
technical_support_1274.txt,397,technical_support
technical_support_0682.txt,398,technical_support
technical_support_0202.txt,399,technical_support
technical_support_1013.txt,399,technical_support
billing_inquiry_0216.txt,400,billing_inquiry
technical_support_0451.txt,401,technical_support
technical_support_0479.txt,402,technical_support
technical_support_0296.txt,403,technical_support
technical_support_0611.txt,404,technical_support
technical_support_1103.txt,405,technical_support
technical_support_1272.txt,405,technical_support
technical_support_0997.txt,406,technical_support
technical_support_0190.txt,407,technical_support
technical_support_0922.txt,407,technical_support
account_management_0054.txt,408,account_management
technical_support_0173.txt,408,technical_support
technical_support_0577.txt,409,technical_support
technical_support_0312.txt,410,technical_support
technical_support_1208.txt,410,technical_support
account_management_0244.txt,411,account_management
billing_inquiry_0067.txt,411,billing_inquiry
technical_support_0181.txt,412,technical_support
technical_support_0367.txt,413,technical_support
technical_support_1255.txt,413,technical_support
account_management_0113.txt,414,account_management
technical_support_1386.txt,414,technical_support
technical_support_0062.txt,415,technical_support
technical_support_0463.txt,416,technical_support
technical_support_0246.txt,417,technical_support
technical_support_0230.txt,418,technical_support
technical_support_0683.txt,418,technical_support
technical_support_1179.txt,419,technical_support
technical_support_1278.txt,419,technical_support
account_management_0239.txt,420,account_management
technical_support_0824.txt,421,technical_support
technical_support_0933.txt,421,technical_support
technical_support_0155.txt,422,technical_support
technical_support_0574.txt,422,technical_support
account_management_0129.txt,423,account_management
technical_support_0737.txt,424,technical_support
technical_support_1050.txt,424,technical_support
technical_support_1398.txt,425,technical_support
technical_support_1189.txt,426,technical_support
technical_support_1219.txt,426,technical_support
technical_support_0966.txt,427,technical_support
technical_support_1090.txt,427,technical_support
account_management_0126.txt,428,account_management
technical_support_0238.txt,429,technical_support
technical_support_0991.txt,429,technical_support
account_management_0063.txt,430,account_management
technical_support_0585.txt,430,technical_support
technical_support_0107.txt,431,technical_support
billing_inquiry_0077.txt,432,billing_inquiry
technical_support_0968.txt,432,technical_support
billing_inquiry_0072.txt,433,billing_inquiry
technical_support_1138.txt,433,technical_support
account_management_0242.txt,434,account_management
technical_support_1112.txt,435,technical_support
technical_support_0143.txt,436,technical_support
technical_support_0821.txt,437,technical_support
account_management_0034.txt,438,account_management
technical_support_0082.txt,438,technical_support
account_management_0287.txt,439,account_management
technical_support_1392.txt,440,technical_support
technical_support_0223.txt,441,technical_support
account_management_0102.txt,442,account_management
technical_support_0675.txt,443,technical_support
technical_support_1334.txt,443,technical_support
technical_support_1301.txt,444,technical_support
technical_support_0557.txt,445,technical_support
technical_support_0497.txt,446,technical_support
billing_inquiry_0165.txt,447,billing_inquiry
technical_support_0489.txt,447,technical_support
technical_support_1108.txt,448,technical_support
billing_inquiry_0251.txt,449,billing_inquiry
technical_support_0154.txt,449,technical_support
technical_support_0059.txt,450,technical_support
technical_support_1276.txt,451,technical_support
technical_support_1307.txt,451,technical_support
technical_support_0385.txt,452,technical_support
account_management_0039.txt,453,account_management
account_management_0047.txt,454,account_management
technical_support_0799.txt,455,technical_support
technical_support_1016.txt,455,technical_support
technical_support_0334.txt,456,technical_support
technical_support_0241.txt,457,technical_support
billing_inquiry_0176.txt,458,billing_inquiry
technical_support_1107.txt,459,technical_support
account_management_0227.txt,460,account_management
technical_support_0592.txt,461,technical_support
billing_inquiry_0275.txt,462,billing_inquiry
technical_support_0474.txt,463,technical_support
billing_inquiry_0183.txt,464,billing_inquiry
technical_support_0205.txt,464,technical_support
technical_support_1077.txt,465,technical_support
technical_support_0085.txt,466,technical_support
technical_support_0999.txt,466,technical_support
technical_support_0478.txt,467,technical_support
technical_support_0970.txt,468,technical_support
technical_support_0842.txt,469,technical_support
technical_support_0316.txt,470,technical_support
account_management_0127.txt,471,account_management
technical_support_0552.txt,472,technical_support
technical_support_0419.txt,473,technical_support
technical_support_0270.txt,474,technical_support
billing_inquiry_0105.txt,475,billing_inquiry
technical_support_1400.txt,476,technical_support
technical_support_0161.txt,477,technical_support
technical_support_1298.txt,477,technical_support
technical_support_1324.txt,478,technical_support
account_management_0232.txt,479,account_management
account_management_0078.txt,480,account_management
account_management_0145.txt,480,account_management
technical_support_0387.txt,481,technical_support
technical_support_0409.txt,481,technical_support
technical_support_0172.txt,482,technical_support
technical_support_0801.txt,482,technical_support
account_management_0264.txt,483,account_management
technical_support_1161.txt,483,technical_support
account_management_0169.txt,484,account_management
technical_support_1369.txt,484,technical_support
billing_inquiry_0214.txt,485,billing_inquiry
billing_inquiry_0075.txt,486,billing_inquiry
technical_support_0129.txt,486,technical_support
technical_support_0805.txt,487,technical_support
technical_support_1267.txt,488,technical_support
technical_support_0490.txt,489,technical_support
technical_support_1328.txt,489,technical_support
technical_support_0671.txt,490,technical_support
technical_support_1288.txt,491,technical_support
technical_support_0149.txt,492,technical_support
technical_support_0204.txt,492,technical_support
technical_support_0285.txt,493,technical_support
billing_inquiry_0074.txt,494,billing_inquiry
technical_support_1390.txt,494,technical_support
account_management_0035.txt,495,account_management
technical_support_0941.txt,495,technical_support
technical_support_0868.txt,496,technical_support
technical_support_1352.txt,496,technical_support
account_management_0100.txt,497,account_management
technical_support_0795.txt,497,technical_support
technical_support_1277.txt,498,technical_support
technical_support_1385.txt,498,technical_support
technical_support_0983.txt,499,technical_support
technical_support_1121.txt,499,technical_support
account_management_0195.txt,500,account_management
technical_support_0052.txt,500,technical_support
technical_support_1231.txt,501,technical_support
technical_support_0022.txt,502,technical_support
technical_support_0559.txt,502,technical_support
account_management_0236.txt,503,account_management
account_management_0294.txt,504,account_management
technical_support_0454.txt,505,technical_support
technical_support_0021.txt,506,technical_support
technical_support_1260.txt,506,technical_support
technical_support_0706.txt,507,technical_support
account_management_0009.txt,508,account_management
account_management_0282.txt,508,account_management
billing_inquiry_0106.txt,509,billing_inquiry
technical_support_0075.txt,509,technical_support
account_management_0023.txt,510,account_management
technical_support_1134.txt,511,technical_support
technical_support_1296.txt,512,technical_support
billing_inquiry_0289.txt,513,billing_inquiry
technical_support_1025.txt,513,technical_support
technical_support_1146.txt,514,technical_support
technical_support_0646.txt,515,technical_support
technical_support_1166.txt,515,technical_support
technical_support_0251.txt,516,technical_support
technical_support_1157.txt,516,technical_support
technical_support_1323.txt,517,technical_support
billing_inquiry_0010.txt,518,billing_inquiry
technical_support_0443.txt,518,technical_support
technical_support_0215.txt,519,technical_support
technical_support_0368.txt,520,technical_support
technical_support_0537.txt,521,technical_support
technical_support_1229.txt,522,technical_support
technical_support_0450.txt,523,technical_support
technical_support_0226.txt,524,technical_support
technical_support_0470.txt,525,technical_support
technical_support_1132.txt,525,technical_support
account_management_0076.txt,526,account_management
technical_support_1159.txt,527,technical_support
billing_inquiry_0260.txt,528,billing_inquiry
technical_support_0094.txt,529,technical_support
technical_support_0151.txt,530,technical_support
technical_support_1313.txt,531,technical_support
account_management_0010.txt,532,account_management
technical_support_0083.txt,533,technical_support
technical_support_0641.txt,533,technical_support
billing_inquiry_0171.txt,534,billing_inquiry
technical_support_1312.txt,535,technical_support
technical_support_0054.txt,536,technical_support
technical_support_0263.txt,536,technical_support
account_management_0238.txt,537,account_management
technical_support_1295.txt,537,technical_support
billing_inquiry_0298.txt,538,billing_inquiry
technical_support_1066.txt,539,technical_support
account_management_0247.txt,540,account_management
technical_support_0100.txt,541,technical_support
technical_support_0035.txt,542,technical_support
technical_support_0025.txt,543,technical_support
technical_support_0529.txt,543,technical_support
account_management_0081.txt,544,account_management
technical_support_0350.txt,544,technical_support
technical_support_0455.txt,545,technical_support
account_management_0185.txt,546,account_management
technical_support_0569.txt,546,technical_support
technical_support_0425.txt,547,technical_support
technical_support_0326.txt,548,technical_support
technical_support_0823.txt,548,technical_support
account_management_0251.txt,549,account_management
technical_support_0738.txt,550,technical_support
billing_inquiry_0084.txt,551,billing_inquiry
billing_inquiry_0142.txt,551,billing_inquiry
billing_inquiry_0001.txt,552,billing_inquiry
technical_support_0485.txt,552,technical_support
account_management_0058.txt,553,account_management
account_management_0048.txt,554,account_management
technical_support_0866.txt,554,technical_support
technical_support_1308.txt,555,technical_support
billing_inquiry_0007.txt,556,billing_inquiry
technical_support_1126.txt,556,technical_support
account_management_0171.txt,557,account_management
billing_inquiry_0155.txt,558,billing_inquiry
technical_support_0685.txt,559,technical_support
technical_support_0815.txt,559,technical_support
account_management_0101.txt,560,account_management
technical_support_0049.txt,560,technical_support
account_management_0093.txt,561,account_management
billing_inquiry_0145.txt,561,billing_inquiry
account_management_0233.txt,562,account_management
technical_support_1297.txt,562,technical_support
technical_support_0101.txt,563,technical_support
account_management_0241.txt,564,account_management
technical_support_1358.txt,564,technical_support
account_management_0071.txt,565,account_management
technical_support_0033.txt,566,technical_support
account_management_0037.txt,567,account_management
technical_support_0614.txt,568,technical_support
technical_support_0546.txt,569,technical_support
technical_support_1346.txt,570,technical_support
billing_inquiry_0025.txt,571,billing_inquiry
technical_support_0042.txt,571,technical_support
technical_support_0857.txt,572,technical_support
technical_support_1283.txt,572,technical_support
technical_support_0616.txt,573,technical_support
billing_inquiry_0037.txt,574,billing_inquiry
technical_support_0903.txt,574,technical_support
technical_support_0540.txt,575,technical_support
technical_support_0110.txt,576,technical_support
technical_support_0745.txt,576,technical_support
billing_inquiry_0047.txt,577,billing_inquiry
technical_support_1015.txt,577,technical_support
technical_support_0952.txt,578,technical_support
technical_support_0689.txt,579,technical_support
account_management_0077.txt,580,account_management
technical_support_0691.txt,581,technical_support
billing_inquiry_0120.txt,582,billing_inquiry
technical_support_0626.txt,582,technical_support
account_management_0148.txt,583,account_management
technical_support_0486.txt,583,technical_support
account_management_0016.txt,584,account_management
technical_support_0248.txt,585,technical_support
technical_support_1247.txt,586,technical_support
technical_support_0186.txt,587,technical_support
billing_inquiry_0151.txt,588,billing_inquiry
technical_support_0629.txt,588,technical_support
billing_inquiry_0040.txt,589,billing_inquiry
technical_support_0005.txt,589,technical_support
technical_support_0599.txt,590,technical_support
account_management_0130.txt,591,account_management
technical_support_0317.txt,591,technical_support
technical_support_1263.txt,592,technical_support
technical_support_0420.txt,593,technical_support
technical_support_0582.txt,593,technical_support
technical_support_0080.txt,594,technical_support
technical_support_0943.txt,595,technical_support
billing_inquiry_0091.txt,596,billing_inquiry
technical_support_0254.txt,596,technical_support
technical_support_0163.txt,597,technical_support
technical_support_1206.txt,597,technical_support
technical_support_0703.txt,598,technical_support
account_management_0045.txt,599,account_management
billing_inquiry_0121.txt,599,billing_inquiry
technical_support_0195.txt,600,technical_support
technical_support_0421.txt,600,technical_support
technical_support_0798.txt,601,technical_support
technical_support_0735.txt,602,technical_support
technical_support_0498.txt,603,technical_support
technical_support_0951.txt,604,technical_support
technical_support_1086.txt,605,technical_support
billing_inquiry_0030.txt,606,billing_inquiry
technical_support_0845.txt,606,technical_support
billing_inquiry_0087.txt,607,billing_inquiry
technical_support_0712.txt,608,technical_support
technical_support_1329.txt,608,technical_support
technical_support_0269.txt,609,technical_support
technical_support_1044.txt,610,technical_support
billing_inquiry_0054.txt,611,billing_inquiry
billing_inquiry_0196.txt,612,billing_inquiry
billing_inquiry_0252.txt,613,billing_inquiry
technical_support_1394.txt,614,technical_support
technical_support_0405.txt,615,technical_support
technical_support_0765.txt,615,technical_support
technical_support_0076.txt,616,technical_support
billing_inquiry_0294.txt,617,billing_inquiry
technical_support_0360.txt,618,technical_support
technical_support_0457.txt,619,technical_support
technical_support_1167.txt,620,technical_support
account_management_0290.txt,621,account_management
account_management_0003.txt,622,account_management
technical_support_0287.txt,622,technical_support
billing_inquiry_0220.txt,623,billing_inquiry
technical_support_0418.txt,624,technical_support
billing_inquiry_0049.txt,625,billing_inquiry
billing_inquiry_0125.txt,626,billing_inquiry
technical_support_0209.txt,627,technical_support
technical_support_0310.txt,628,technical_support
account_management_0283.txt,629,account_management
account_management_0072.txt,630,account_management
technical_support_0996.txt,631,technical_support
technical_support_1129.txt,632,technical_support
billing_inquiry_0221.txt,633,billing_inquiry
technical_support_0935.txt,634,technical_support
account_management_0196.txt,635,account_management
technical_support_0496.txt,636,technical_support
technical_support_0963.txt,636,technical_support
technical_support_0725.txt,637,technical_support
billing_inquiry_0168.txt,638,billing_inquiry
account_management_0250.txt,639,account_management
billing_inquiry_0184.txt,640,billing_inquiry
technical_support_0527.txt,641,technical_support
account_management_0280.txt,642,account_management
technical_support_0442.txt,642,technical_support
technical_support_0123.txt,643,technical_support
account_management_0299.txt,644,account_management
technical_support_0809.txt,644,technical_support
technical_support_0134.txt,645,technical_support
technical_support_0553.txt,646,technical_support
account_management_0158.txt,647,account_management
technical_support_0452.txt,647,technical_support
technical_support_0476.txt,648,technical_support
technical_support_0956.txt,649,technical_support
technical_support_1038.txt,649,technical_support
technical_support_1002.txt,650,technical_support
technical_support_0781.txt,651,technical_support
account_management_0096.txt,652,account_management
technical_support_0407.txt,652,technical_support
billing_inquiry_0118.txt,653,billing_inquiry
technical_support_0886.txt,653,technical_support
billing_inquiry_0265.txt,654,billing_inquiry
technical_support_1114.txt,654,technical_support
account_management_0163.txt,655,account_management
technical_support_1250.txt,655,technical_support
technical_support_0784.txt,656,technical_support
technical_support_0992.txt,656,technical_support
technical_support_0024.txt,657,technical_support
technical_support_0730.txt,657,technical_support
technical_support_0046.txt,658,technical_support
account_management_0030.txt,659,account_management
technical_support_1012.txt,660,technical_support
billing_inquiry_0197.txt,661,billing_inquiry
technical_support_0116.txt,662,technical_support
technical_support_0662.txt,663,technical_support
account_management_0295.txt,664,account_management
account_management_0135.txt,665,account_management
technical_support_0715.txt,666,technical_support
technical_support_1111.txt,666,technical_support
technical_support_0589.txt,667,technical_support
technical_support_0767.txt,668,technical_support
technical_support_1062.txt,668,technical_support
technical_support_0416.txt,669,technical_support
technical_support_0631.txt,669,technical_support
technical_support_0351.txt,670,technical_support
technical_support_0718.txt,670,technical_support
technical_support_0591.txt,671,technical_support
billing_inquiry_0071.txt,672,billing_inquiry
technical_support_0910.txt,673,technical_support
account_management_0193.txt,674,account_management
technical_support_0635.txt,675,technical_support
technical_support_0751.txt,675,technical_support
billing_inquiry_0256.txt,676,billing_inquiry
technical_support_1187.txt,676,technical_support
technical_support_1201.txt,677,technical_support
technical_support_0074.txt,678,technical_support
technical_support_1173.txt,679,technical_support
billing_inquiry_0227.txt,680,billing_inquiry
technical_support_0696.txt,680,technical_support
technical_support_0286.txt,681,technical_support
billing_inquiry_0114.txt,682,billing_inquiry
technical_support_0192.txt,683,technical_support
technical_support_1162.txt,684,technical_support
billing_inquiry_0032.txt,685,billing_inquiry
technical_support_0477.txt,686,technical_support
technical_support_0918.txt,687,technical_support
technical_support_1003.txt,687,technical_support
technical_support_1174.txt,688,technical_support
account_management_0038.txt,689,account_management
technical_support_1396.txt,689,technical_support
technical_support_1310.txt,690,technical_support
billing_inquiry_0111.txt,691,billing_inquiry
technical_support_0345.txt,691,technical_support
technical_support_0390.txt,692,technical_support
technical_support_0829.txt,692,technical_support
technical_support_1185.txt,693,technical_support
billing_inquiry_0122.txt,694,billing_inquiry
technical_support_0111.txt,694,technical_support
technical_support_1037.txt,695,technical_support
technical_support_1000.txt,696,technical_support
technical_support_0446.txt,697,technical_support
account_management_0108.txt,698,account_management
billing_inquiry_0029.txt,699,billing_inquiry
technical_support_1227.txt,699,technical_support
billing_inquiry_0042.txt,700,billing_inquiry
technical_support_0977.txt,700,technical_support
technical_support_0349.txt,701,technical_support
technical_support_0778.txt,701,technical_support
technical_support_0382.txt,702,technical_support
billing_inquiry_0204.txt,703,billing_inquiry
technical_support_1088.txt,703,technical_support
technical_support_0051.txt,704,technical_support
billing_inquiry_0300.txt,705,billing_inquiry
technical_support_1245.txt,705,technical_support
account_management_0186.txt,706,account_management
account_management_0285.txt,707,account_management
technical_support_1192.txt,708,technical_support
billing_inquiry_0153.txt,709,billing_inquiry
technical_support_0068.txt,710,technical_support
billing_inquiry_0232.txt,711,billing_inquiry
technical_support_0748.txt,712,technical_support
account_management_0180.txt,713,account_management
technical_support_0175.txt,714,technical_support
technical_support_1221.txt,715,technical_support
technical_support_1119.txt,716,technical_support
technical_support_1193.txt,716,technical_support
technical_support_1011.txt,717,technical_support
technical_support_1080.txt,717,technical_support
technical_support_0543.txt,718,technical_support
technical_support_0853.txt,718,technical_support
account_management_0022.txt,719,account_management
technical_support_1202.txt,720,technical_support
billing_inquiry_0290.txt,721,billing_inquiry
technical_support_0282.txt,722,technical_support
technical_support_0091.txt,723,technical_support
technical_support_0257.txt,723,technical_support
technical_support_0887.txt,724,technical_support
technical_support_0480.txt,725,technical_support
account_management_0027.txt,726,account_management
account_management_0257.txt,727,account_management
technical_support_0019.txt,727,technical_support
technical_support_0901.txt,728,technical_support
billing_inquiry_0143.txt,729,billing_inquiry
technical_support_0153.txt,729,technical_support
technical_support_0311.txt,730,technical_support
technical_support_0013.txt,731,technical_support
technical_support_0665.txt,731,technical_support
technical_support_0609.txt,732,technical_support
technical_support_1074.txt,733,technical_support
technical_support_1251.txt,734,technical_support
technical_support_1285.txt,735,technical_support
billing_inquiry_0213.txt,736,billing_inquiry
account_management_0279.txt,737,account_management
technical_support_0366.txt,737,technical_support
billing_inquiry_0113.txt,738,billing_inquiry
billing_inquiry_0012.txt,739,billing_inquiry
technical_support_0612.txt,739,technical_support
technical_support_0106.txt,740,technical_support
billing_inquiry_0180.txt,741,billing_inquiry
technical_support_0651.txt,742,technical_support
technical_support_0670.txt,742,technical_support
account_management_0296.txt,743,account_management
technical_support_0344.txt,744,technical_support
technical_support_0473.txt,744,technical_support
technical_support_0864.txt,745,technical_support
technical_support_0010.txt,746,technical_support
technical_support_0167.txt,746,technical_support
billing_inquiry_0015.txt,747,billing_inquiry
technical_support_0212.txt,748,technical_support
account_management_0170.txt,749,account_management
technical_support_1382.txt,750,technical_support
technical_support_0889.txt,751,technical_support
technical_support_1105.txt,752,technical_support
account_management_0273.txt,753,account_management
technical_support_0247.txt,753,technical_support
technical_support_0331.txt,754,technical_support
account_management_0153.txt,755,account_management
technical_support_1171.txt,755,technical_support
account_management_0231.txt,756,account_management
technical_support_0925.txt,757,technical_support
technical_support_1009.txt,758,technical_support
technical_support_1261.txt,758,technical_support
account_management_0203.txt,759,account_management
technical_support_1079.txt,759,technical_support
technical_support_0224.txt,760,technical_support
technical_support_1271.txt,760,technical_support
technical_support_0004.txt,761,technical_support
technical_support_0041.txt,761,technical_support
technical_support_0971.txt,762,technical_support
technical_support_0638.txt,763,technical_support
technical_support_1097.txt,763,technical_support
account_management_0240.txt,764,account_management
technical_support_1287.txt,764,technical_support
technical_support_0104.txt,765,technical_support
account_management_0073.txt,766,account_management
technical_support_0506.txt,767,technical_support
technical_support_1314.txt,767,technical_support
billing_inquiry_0175.txt,768,billing_inquiry
billing_inquiry_0291.txt,768,billing_inquiry
account_management_0067.txt,769,account_management
billing_inquiry_0297.txt,770,billing_inquiry
technical_support_0363.txt,771,technical_support
technical_support_0449.txt,771,technical_support
technical_support_0788.txt,772,technical_support
account_management_0006.txt,773,account_management
billing_inquiry_0021.txt,773,billing_inquiry
account_management_0154.txt,774,account_management
billing_inquiry_0056.txt,775,billing_inquiry
billing_inquiry_0192.txt,776,billing_inquiry
account_management_0167.txt,777,account_management
billing_inquiry_0022.txt,777,billing_inquiry
technical_support_0931.txt,778,technical_support
technical_support_1266.txt,778,technical_support
account_management_0204.txt,779,account_management
billing_inquiry_0126.txt,779,billing_inquiry
account_management_0124.txt,780,account_management
technical_support_0898.txt,781,technical_support
technical_support_0279.txt,782,technical_support
technical_support_0009.txt,783,technical_support
technical_support_1184.txt,783,technical_support
technical_support_0323.txt,784,technical_support
technical_support_0663.txt,784,technical_support
billing_inquiry_0163.txt,785,billing_inquiry
technical_support_0253.txt,786,technical_support
account_management_0243.txt,787,account_management
technical_support_0858.txt,787,technical_support
account_management_0175.txt,788,account_management
technical_support_1101.txt,788,technical_support
billing_inquiry_0011.txt,789,billing_inquiry
technical_support_0891.txt,789,technical_support
account_management_0110.txt,790,account_management
account_management_0152.txt,791,account_management
technical_support_0408.txt,791,technical_support
technical_support_0221.txt,792,technical_support
account_management_0134.txt,793,account_management
account_management_0234.txt,794,account_management
technical_support_0379.txt,795,technical_support
billing_inquiry_0218.txt,796,billing_inquiry
account_management_0106.txt,797,account_management
billing_inquiry_0078.txt,798,billing_inquiry
technical_support_0303.txt,799,technical_support
technical_support_0927.txt,799,technical_support
technical_support_0381.txt,800,technical_support
technical_support_0362.txt,801,technical_support
billing_inquiry_0283.txt,802,billing_inquiry
technical_support_0568.txt,802,technical_support
technical_support_0873.txt,803,technical_support
technical_support_0522.txt,804,technical_support
technical_support_0602.txt,805,technical_support
billing_inquiry_0299.txt,806,billing_inquiry
account_management_0112.txt,807,account_management
technical_support_1320.txt,808,technical_support
billing_inquiry_0262.txt,809,billing_inquiry
account_management_0029.txt,810,account_management
account_management_0260.txt,810,account_management
technical_support_0942.txt,811,technical_support
technical_support_0862.txt,812,technical_support
technical_support_0140.txt,813,technical_support
billing_inquiry_0166.txt,814,billing_inquiry
technical_support_0007.txt,815,technical_support
account_management_0206.txt,816,account_management
billing_inquiry_0098.txt,816,billing_inquiry
billing_inquiry_0280.txt,817,billing_inquiry
technical_support_0475.txt,818,technical_support
technical_support_0908.txt,819,technical_support
technical_support_0392.txt,820,technical_support
billing_inquiry_0144.txt,821,billing_inquiry
technical_support_0782.txt,821,technical_support
billing_inquiry_0080.txt,822,billing_inquiry
account_management_0245.txt,823,account_management
technical_support_1270.txt,823,technical_support
billing_inquiry_0095.txt,824,billing_inquiry
technical_support_0578.txt,825,technical_support
billing_inquiry_0173.txt,826,billing_inquiry
technical_support_0913.txt,827,technical_support
technical_support_0514.txt,828,technical_support
billing_inquiry_0255.txt,829,billing_inquiry
technical_support_1199.txt,830,technical_support
technical_support_0660.txt,831,technical_support
technical_support_0674.txt,832,technical_support
technical_support_0272.txt,833,technical_support
technical_support_1344.txt,833,technical_support
technical_support_0601.txt,834,technical_support
technical_support_1205.txt,834,technical_support
technical_support_0595.txt,835,technical_support
technical_support_0028.txt,836,technical_support
billing_inquiry_0199.txt,837,billing_inquiry
technical_support_0644.txt,837,technical_support
billing_inquiry_0154.txt,838,billing_inquiry
technical_support_0003.txt,838,technical_support
account_management_0191.txt,839,account_management
account_management_0036.txt,840,account_management
technical_support_0318.txt,840,technical_support
technical_support_0406.txt,841,technical_support
technical_support_0376.txt,842,technical_support
billing_inquiry_0193.txt,843,billing_inquiry
technical_support_0914.txt,843,technical_support
technical_support_0928.txt,844,technical_support
billing_inquiry_0195.txt,845,billing_inquiry
technical_support_1158.txt,846,technical_support
billing_inquiry_0092.txt,847,billing_inquiry
technical_support_0459.txt,848,technical_support
account_management_0021.txt,849,account_management
billing_inquiry_0266.txt,850,billing_inquiry
billing_inquiry_0273.txt,851,billing_inquiry
technical_support_0098.txt,851,technical_support
billing_inquiry_0230.txt,852,billing_inquiry
billing_inquiry_0135.txt,853,billing_inquiry
technical_support_0127.txt,853,technical_support
technical_support_0399.txt,854,technical_support
technical_support_0630.txt,854,technical_support
technical_support_0066.txt,855,technical_support
technical_support_1130.txt,856,technical_support
account_management_0059.txt,857,account_management
technical_support_0645.txt,858,technical_support
technical_support_1220.txt,859,technical_support
technical_support_0834.txt,860,technical_support
technical_support_0324.txt,861,technical_support
technical_support_0729.txt,861,technical_support
technical_support_0836.txt,862,technical_support
account_management_0178.txt,863,account_management
billing_inquiry_0203.txt,863,billing_inquiry
technical_support_0061.txt,864,technical_support
billing_inquiry_0250.txt,865,billing_inquiry
technical_support_0649.txt,866,technical_support
technical_support_0666.txt,866,technical_support
technical_support_0391.txt,867,technical_support
technical_support_0656.txt,867,technical_support
billing_inquiry_0254.txt,868,billing_inquiry
technical_support_0469.txt,869,technical_support
technical_support_0723.txt,870,technical_support
technical_support_0292.txt,871,technical_support
technical_support_1180.txt,871,technical_support
technical_support_0342.txt,872,technical_support
technical_support_1240.txt,873,technical_support
technical_support_0288.txt,874,technical_support
account_management_0217.txt,875,account_management
technical_support_0404.txt,876,technical_support
technical_support_0668.txt,876,technical_support
account_management_0026.txt,877,account_management
technical_support_0099.txt,878,technical_support
technical_support_0954.txt,878,technical_support
technical_support_1154.txt,879,technical_support
technical_support_1303.txt,879,technical_support
technical_support_1377.txt,880,technical_support
technical_support_0492.txt,881,technical_support
account_management_0085.txt,882,account_management
technical_support_0112.txt,882,technical_support
technical_support_0560.txt,883,technical_support
technical_support_0018.txt,884,technical_support
technical_support_1125.txt,884,technical_support
account_management_0209.txt,885,account_management
account_management_0156.txt,886,account_management
technical_support_1092.txt,886,technical_support
billing_inquiry_0107.txt,887,billing_inquiry
technical_support_0169.txt,888,technical_support
technical_support_0213.txt,888,technical_support
technical_support_0664.txt,889,technical_support
account_management_0053.txt,890,account_management
technical_support_1133.txt,890,technical_support
technical_support_0854.txt,891,technical_support
technical_support_0989.txt,891,technical_support
technical_support_0038.txt,892,technical_support
billing_inquiry_0036.txt,893,billing_inquiry
technical_support_0600.txt,893,technical_support
billing_inquiry_0044.txt,894,billing_inquiry
technical_support_0156.txt,894,technical_support
billing_inquiry_0225.txt,895,billing_inquiry
billing_inquiry_0147.txt,896,billing_inquiry
technical_support_0763.txt,896,technical_support
technical_support_0654.txt,897,technical_support
technical_support_1211.txt,897,technical_support
account_management_0259.txt,898,account_management
technical_support_0758.txt,898,technical_support
technical_support_0973.txt,899,technical_support
technical_support_0679.txt,900,technical_support
account_management_0042.txt,901,account_management
technical_support_0849.txt,902,technical_support
technical_support_1389.txt,903,technical_support
account_management_0064.txt,904,account_management
account_management_0083.txt,905,account_management
technical_support_0950.txt,906,technical_support
billing_inquiry_0160.txt,907,billing_inquiry
technical_support_0847.txt,908,technical_support
account_management_0107.txt,909,account_management
technical_support_1098.txt,909,technical_support
technical_support_0851.txt,910,technical_support
technical_support_1169.txt,910,technical_support
technical_support_0985.txt,911,technical_support
billing_inquiry_0217.txt,912,billing_inquiry
technical_support_0264.txt,913,technical_support
technical_support_1309.txt,913,technical_support
technical_support_0092.txt,914,technical_support
technical_support_1172.txt,914,technical_support
technical_support_0070.txt,915,technical_support
technical_support_1030.txt,915,technical_support
technical_support_1140.txt,916,technical_support
technical_support_0071.txt,917,technical_support
technical_support_0779.txt,917,technical_support
billing_inquiry_0233.txt,918,billing_inquiry
technical_support_0720.txt,919,technical_support
billing_inquiry_0073.txt,920,billing_inquiry
technical_support_0346.txt,920,technical_support
account_management_0278.txt,921,account_management
technical_support_1244.txt,922,technical_support
account_management_0172.txt,923,account_management
technical_support_0923.txt,924,technical_support
technical_support_0556.txt,925,technical_support
technical_support_0207.txt,926,technical_support
technical_support_0613.txt,926,technical_support
account_management_0056.txt,927,account_management
technical_support_0883.txt,928,technical_support
technical_support_1291.txt,928,technical_support
technical_support_0358.txt,929,technical_support
technical_support_1145.txt,930,technical_support
technical_support_0229.txt,931,technical_support
technical_support_0089.txt,932,technical_support
technical_support_0197.txt,932,technical_support
account_management_0060.txt,933,account_management
technical_support_0293.txt,934,technical_support
technical_support_1042.txt,934,technical_support
billing_inquiry_0259.txt,935,billing_inquiry
technical_support_1243.txt,936,technical_support
technical_support_0400.txt,937,technical_support
technical_support_0636.txt,938,technical_support
technical_support_1115.txt,938,technical_support
technical_support_0519.txt,939,technical_support
technical_support_0804.txt,939,technical_support
technical_support_1317.txt,940,technical_support
technical_support_0199.txt,941,technical_support
technical_support_1186.txt,941,technical_support
technical_support_0121.txt,942,technical_support
account_management_0013.txt,943,account_management
technical_support_0180.txt,944,technical_support
technical_support_1032.txt,944,technical_support
technical_support_0580.txt,945,technical_support
account_management_0041.txt,946,account_management
technical_support_1091.txt,946,technical_support
technical_support_0198.txt,947,technical_support
technical_support_0261.txt,947,technical_support
billing_inquiry_0124.txt,948,billing_inquiry
account_management_0128.txt,949,account_management
technical_support_0252.txt,950,technical_support
technical_support_0355.txt,950,technical_support
technical_support_0512.txt,951,technical_support
technical_support_0078.txt,952,technical_support
technical_support_0235.txt,953,technical_support
technical_support_0250.txt,954,technical_support
technical_support_1122.txt,954,technical_support
technical_support_1330.txt,955,technical_support
billing_inquiry_0013.txt,956,billing_inquiry
technical_support_0185.txt,957,technical_support
billing_inquiry_0009.txt,958,billing_inquiry
billing_inquiry_0174.txt,958,billing_inquiry
technical_support_1238.txt,959,technical_support
account_management_0166.txt,960,account_management
technical_support_0507.txt,961,technical_support
technical_support_0055.txt,962,technical_support
technical_support_0088.txt,962,technical_support
billing_inquiry_0181.txt,963,billing_inquiry
billing_inquiry_0257.txt,963,billing_inquiry
account_management_0159.txt,964,account_management
billing_inquiry_0286.txt,964,billing_inquiry
technical_support_0301.txt,965,technical_support
billing_inquiry_0263.txt,966,billing_inquiry
billing_inquiry_0190.txt,967,billing_inquiry
technical_support_0684.txt,968,technical_support
technical_support_0393.txt,969,technical_support
billing_inquiry_0268.txt,970,billing_inquiry
technical_support_0468.txt,970,technical_support
billing_inquiry_0207.txt,971,billing_inquiry
billing_inquiry_0231.txt,972,billing_inquiry
technical_support_0322.txt,973,technical_support
technical_support_0373.txt,973,technical_support
billing_inquiry_0026.txt,974,billing_inquiry
technical_support_0314.txt,975,technical_support
technical_support_1300.txt,975,technical_support
technical_support_0274.txt,976,technical_support
technical_support_0434.txt,976,technical_support
technical_support_0655.txt,977,technical_support
technical_support_0307.txt,978,technical_support
technical_support_0050.txt,979,technical_support
technical_support_0620.txt,980,technical_support
technical_support_0545.txt,981,technical_support
technical_support_0721.txt,982,technical_support
technical_support_1004.txt,982,technical_support
account_management_0274.txt,983,account_management
technical_support_0335.txt,983,technical_support
account_management_0249.txt,984,account_management
billing_inquiry_0211.txt,985,billing_inquiry
technical_support_0542.txt,985,technical_support
technical_support_1031.txt,986,technical_support
technical_support_0352.txt,987,technical_support
technical_support_0461.txt,988,technical_support
billing_inquiry_0061.txt,989,billing_inquiry
billing_inquiry_0149.txt,990,billing_inquiry
technical_support_0271.txt,990,technical_support
account_management_0219.txt,991,account_management
account_management_0012.txt,992,account_management
billing_inquiry_0003.txt,992,billing_inquiry
billing_inquiry_0200.txt,993,billing_inquiry
technical_support_0832.txt,994,technical_support
technical_support_0413.txt,995,technical_support
technical_support_0187.txt,996,technical_support
billing_inquiry_0099.txt,997,billing_inquiry
technical_support_0579.txt,998,technical_support
technical_support_0690.txt,999,technical_support
technical_support_0249.txt,1000,technical_support
technical_support_0333.txt,1000,technical_support
account_management_0150.txt,1001,account_management
technical_support_0652.txt,1001,technical_support
technical_support_1147.txt,1002,technical_support
technical_support_1335.txt,1002,technical_support
account_management_0095.txt,1003,account_management
billing_inquiry_0002.txt,1004,billing_inquiry
technical_support_0863.txt,1004,technical_support
technical_support_1363.txt,1005,technical_support
technical_support_1123.txt,1006,technical_support
technical_support_0036.txt,1007,technical_support
technical_support_0994.txt,1008,technical_support
technical_support_1047.txt,1009,technical_support
technical_support_0087.txt,1010,technical_support
technical_support_0986.txt,1011,technical_support
technical_support_0697.txt,1012,technical_support
technical_support_0456.txt,1013,technical_support
billing_inquiry_0282.txt,1014,billing_inquiry
account_management_0174.txt,1015,account_management
billing_inquiry_0048.txt,1016,billing_inquiry
technical_support_1273.txt,1016,technical_support
technical_support_0370.txt,1017,technical_support
technical_support_0447.txt,1017,technical_support
technical_support_1068.txt,1018,technical_support
technical_support_0306.txt,1019,technical_support
technical_support_0900.txt,1020,technical_support
technical_support_0353.txt,1021,technical_support
technical_support_0060.txt,1022,technical_support
technical_support_0741.txt,1022,technical_support
technical_support_1142.txt,1023,technical_support
technical_support_0588.txt,1024,technical_support
technical_support_0884.txt,1024,technical_support
billing_inquiry_0288.txt,1025,billing_inquiry
technical_support_1257.txt,1025,technical_support
technical_support_0023.txt,1026,technical_support
account_management_0001.txt,1027,account_management
technical_support_0523.txt,1028,technical_support
technical_support_0232.txt,1029,technical_support
technical_support_0017.txt,1030,technical_support
technical_support_0566.txt,1030,technical_support
technical_support_0661.txt,1031,technical_support
billing_inquiry_0057.txt,1032,billing_inquiry
technical_support_0762.txt,1033,technical_support
technical_support_1036.txt,1033,technical_support
technical_support_0262.txt,1034,technical_support
technical_support_1065.txt,1035,technical_support
account_management_0261.txt,1036,account_management
technical_support_0006.txt,1037,technical_support
technical_support_0936.txt,1037,technical_support
technical_support_1071.txt,1038,technical_support
technical_support_0069.txt,1039,technical_support
technical_support_0237.txt,1040,technical_support
technical_support_1264.txt,1041,technical_support
technical_support_0034.txt,1042,technical_support
technical_support_0439.txt,1042,technical_support
technical_support_0016.txt,1043,technical_support
technical_support_0934.txt,1044,technical_support
technical_support_1336.txt,1044,technical_support
technical_support_0817.txt,1045,technical_support
technical_support_0677.txt,1046,technical_support
technical_support_1106.txt,1047,technical_support
technical_support_0761.txt,1048,technical_support
account_management_0144.txt,1049,account_management
technical_support_0146.txt,1050,technical_support
technical_support_0284.txt,1050,technical_support
billing_inquiry_0104.txt,1051,billing_inquiry
technical_support_0503.txt,1052,technical_support
technical_support_0774.txt,1052,technical_support
account_management_0004.txt,1053,account_management
technical_support_0465.txt,1053,technical_support
technical_support_1070.txt,1054,technical_support
technical_support_1014.txt,1055,technical_support
billing_inquiry_0222.txt,1056,billing_inquiry
technical_support_1064.txt,1057,technical_support
technical_support_1094.txt,1057,technical_support
technical_support_1027.txt,1058,technical_support
technical_support_1222.txt,1058,technical_support
technical_support_0448.txt,1059,technical_support
technical_support_0294.txt,1060,technical_support
technical_support_0642.txt,1060,technical_support
technical_support_1010.txt,1061,technical_support
technical_support_0108.txt,1062,technical_support
technical_support_0290.txt,1063,technical_support
technical_support_1224.txt,1063,technical_support
account_management_0223.txt,1064,account_management
account_management_0079.txt,1065,account_management
technical_support_0953.txt,1065,technical_support
technical_support_0590.txt,1066,technical_support
technical_support_0978.txt,1067,technical_support
technical_support_1191.txt,1067,technical_support
technical_support_1246.txt,1068,technical_support
account_management_0057.txt,1069,account_management
technical_support_0079.txt,1069,technical_support
technical_support_0792.txt,1070,technical_support
technical_support_1063.txt,1070,technical_support
technical_support_0219.txt,1071,technical_support
technical_support_1237.txt,1071,technical_support
technical_support_0714.txt,1072,technical_support
technical_support_0120.txt,1073,technical_support
billing_inquiry_0272.txt,1074,billing_inquiry
technical_support_1321.txt,1075,technical_support
technical_support_1364.txt,1075,technical_support
technical_support_0073.txt,1076,technical_support
technical_support_0217.txt,1076,technical_support
billing_inquiry_0096.txt,1077,billing_inquiry
technical_support_1148.txt,1077,technical_support
account_management_0049.txt,1078,account_management
billing_inquiry_0157.txt,1079,billing_inquiry
technical_support_1318.txt,1080,technical_support
technical_support_0026.txt,1081,technical_support
technical_support_0117.txt,1082,technical_support
technical_support_0343.txt,1082,technical_support
billing_inquiry_0109.txt,1083,billing_inquiry
billing_inquiry_0156.txt,1084,billing_inquiry
account_management_0080.txt,1085,account_management
technical_support_0364.txt,1085,technical_support
technical_support_0184.txt,1086,technical_support
account_management_0222.txt,1087,account_management
technical_support_1371.txt,1087,technical_support
technical_support_1207.txt,1088,technical_support
technical_support_1359.txt,1088,technical_support
billing_inquiry_0209.txt,1089,billing_inquiry
technical_support_0244.txt,1090,technical_support
technical_support_0976.txt,1090,technical_support
technical_support_0081.txt,1091,technical_support
billing_inquiry_0068.txt,1092,billing_inquiry
account_management_0051.txt,1093,account_management
billing_inquiry_0063.txt,1094,billing_inquiry
technical_support_0245.txt,1094,technical_support
billing_inquiry_0033.txt,1095,billing_inquiry
technical_support_1045.txt,1095,technical_support
billing_inquiry_0017.txt,1096,billing_inquiry
technical_support_0672.txt,1097,technical_support
technical_support_1043.txt,1098,technical_support
technical_support_0547.txt,1099,technical_support
account_management_0211.txt,1100,account_management
technical_support_0125.txt,1100,technical_support
technical_support_0766.txt,1101,technical_support
technical_support_1056.txt,1102,technical_support
technical_support_1210.txt,1103,technical_support
billing_inquiry_0131.txt,1104,billing_inquiry
technical_support_0133.txt,1105,technical_support
technical_support_0987.txt,1106,technical_support
technical_support_0032.txt,1107,technical_support
technical_support_0147.txt,1107,technical_support
account_management_0086.txt,1108,account_management
account_management_0262.txt,1108,account_management
technical_support_0281.txt,1109,technical_support
billing_inquiry_0004.txt,1110,billing_inquiry
technical_support_0532.txt,1110,technical_support
technical_support_0593.txt,1111,technical_support
technical_support_1234.txt,1111,technical_support
account_management_0074.txt,1112,account_management
technical_support_0518.txt,1112,technical_support
billing_inquiry_0006.txt,1113,billing_inquiry
technical_support_0816.txt,1114,technical_support
technical_support_1055.txt,1115,technical_support
technical_support_1168.txt,1116,technical_support
technical_support_1178.txt,1116,technical_support
technical_support_0276.txt,1117,technical_support
technical_support_0549.txt,1117,technical_support
technical_support_0846.txt,1118,technical_support
technical_support_0305.txt,1119,technical_support
technical_support_0530.txt,1119,technical_support
technical_support_1177.txt,1120,technical_support
billing_inquiry_0237.txt,1121,billing_inquiry
technical_support_0705.txt,1121,technical_support
account_management_0268.txt,1122,account_management
technical_support_0084.txt,1122,technical_support
account_management_0008.txt,1123,account_management
account_management_0091.txt,1123,account_management
billing_inquiry_0267.txt,1124,billing_inquiry
technical_support_0700.txt,1125,technical_support
technical_support_1081.txt,1125,technical_support
account_management_0105.txt,1126,account_management
technical_support_1349.txt,1126,technical_support
technical_support_1217.txt,1127,technical_support
technical_support_1170.txt,1128,technical_support
technical_support_0436.txt,1129,technical_support
billing_inquiry_0241.txt,1130,billing_inquiry
technical_support_0699.txt,1131,technical_support
billing_inquiry_0117.txt,1132,billing_inquiry
technical_support_0808.txt,1132,technical_support
technical_support_0103.txt,1133,technical_support
technical_support_0870.txt,1133,technical_support
billing_inquiry_0132.txt,1134,billing_inquiry
technical_support_0639.txt,1134,technical_support
billing_inquiry_0258.txt,1135,billing_inquiry
billing_inquiry_0278.txt,1135,billing_inquiry
technical_support_1354.txt,1136,technical_support
technical_support_1216.txt,1137,technical_support
account_management_0220.txt,1138,account_management
technical_support_0921.txt,1138,technical_support
account_management_0237.txt,1139,account_management
account_management_0276.txt,1140,account_management
technical_support_1342.txt,1140,technical_support
account_management_0213.txt,1141,account_management
technical_support_0759.txt,1142,technical_support
technical_support_0014.txt,1143,technical_support
technical_support_0536.txt,1143,technical_support
technical_support_0768.txt,1144,technical_support
account_management_0017.txt,1145,account_management
technical_support_1218.txt,1145,technical_support
technical_support_0653.txt,1146,technical_support
technical_support_0740.txt,1146,technical_support
technical_support_0020.txt,1147,technical_support
technical_support_0841.txt,1147,technical_support
technical_support_0513.txt,1148,technical_support
technical_support_1128.txt,1149,technical_support
technical_support_1200.txt,1149,technical_support
billing_inquiry_0284.txt,1150,billing_inquiry
technical_support_0157.txt,1150,technical_support
billing_inquiry_0201.txt,1151,billing_inquiry
technical_support_0998.txt,1152,technical_support
technical_support_0115.txt,1153,technical_support
account_management_0272.txt,1154,account_management
technical_support_0972.txt,1154,technical_support
technical_support_0437.txt,1155,technical_support
billing_inquiry_0137.txt,1156,billing_inquiry
technical_support_0502.txt,1157,technical_support
account_management_0151.txt,1158,account_management
account_management_0205.txt,1158,account_management
technical_support_0554.txt,1159,technical_support
technical_support_0673.txt,1159,technical_support
technical_support_0339.txt,1160,technical_support
account_management_0020.txt,1161,account_management
account_management_0149.txt,1162,account_management
technical_support_0940.txt,1163,technical_support
technical_support_0979.txt,1164,technical_support
technical_support_0337.txt,1165,technical_support
technical_support_0015.txt,1166,technical_support
technical_support_0722.txt,1167,technical_support
technical_support_1131.txt,1168,technical_support
account_management_0269.txt,1169,account_management
technical_support_1258.txt,1170,technical_support
billing_inquiry_0189.txt,1171,billing_inquiry
technical_support_1033.txt,1171,technical_support
technical_support_0044.txt,1172,technical_support
technical_support_1373.txt,1172,technical_support
technical_support_0772.txt,1173,technical_support
billing_inquiry_0119.txt,1174,billing_inquiry
billing_inquiry_0235.txt,1175,billing_inquiry
technical_support_0048.txt,1176,technical_support
technical_support_0471.txt,1176,technical_support
technical_support_0558.txt,1177,technical_support
technical_support_1242.txt,1178,technical_support
technical_support_0747.txt,1179,technical_support
technical_support_0259.txt,1180,technical_support
account_management_0168.txt,1181,account_management
technical_support_0669.txt,1181,technical_support
account_management_0082.txt,1182,account_management
technical_support_0618.txt,1182,technical_support
technical_support_0586.txt,1183,technical_support
billing_inquiry_0205.txt,1184,billing_inquiry
technical_support_0567.txt,1184,technical_support
account_management_0246.txt,1185,account_management
technical_support_0227.txt,1186,technical_support
billing_inquiry_0182.txt,1187,billing_inquiry
technical_support_0783.txt,1188,technical_support
account_management_0140.txt,1189,account_management
technical_support_0619.txt,1190,technical_support
account_management_0141.txt,1191,account_management
billing_inquiry_0081.txt,1191,billing_inquiry
account_management_0165.txt,1192,account_management
technical_support_0441.txt,1192,technical_support
account_management_0117.txt,1193,account_management
billing_inquiry_0023.txt,1194,billing_inquiry
technical_support_0488.txt,1195,technical_support
technical_support_0377.txt,1196,technical_support
technical_support_0430.txt,1196,technical_support
technical_support_0597.txt,1197,technical_support
account_management_0103.txt,1198,account_management
account_management_0118.txt,1199,account_management
technical_support_0043.txt,1199,technical_support
technical_support_0932.txt,1200,technical_support
technical_support_1155.txt,1201,technical_support
technical_support_0511.txt,1202,technical_support
technical_support_0907.txt,1202,technical_support
technical_support_0587.txt,1203,technical_support
account_management_0120.txt,1204,account_management
billing_inquiry_0146.txt,1205,billing_inquiry
technical_support_0008.txt,1206,technical_support
billing_inquiry_0018.txt,1207,billing_inquiry
billing_inquiry_0089.txt,1207,billing_inquiry
technical_support_0397.txt,1208,technical_support
technical_support_0756.txt,1209,technical_support
technical_support_0872.txt,1209,technical_support
technical_support_0539.txt,1210,technical_support
technical_support_0897.txt,1211,technical_support
technical_support_1005.txt,1211,technical_support
technical_support_0827.txt,1212,technical_support
technical_support_1141.txt,1212,technical_support
billing_inquiry_0285.txt,1213,billing_inquiry
technical_support_0332.txt,1214,technical_support
technical_support_1008.txt,1215,technical_support
technical_support_1006.txt,1216,technical_support
billing_inquiry_0244.txt,1217,billing_inquiry
account_management_0005.txt,1218,account_management
technical_support_0200.txt,1218,technical_support
billing_inquiry_0038.txt,1219,billing_inquiry
technical_support_0177.txt,1219,technical_support
technical_support_1110.txt,1220,technical_support
technical_support_1269.txt,1221,technical_support
billing_inquiry_0138.txt,1222,billing_inquiry
technical_support_0386.txt,1223,technical_support
technical_support_1100.txt,1224,technical_support
billing_inquiry_0041.txt,1225,billing_inquiry
technical_support_0233.txt,1225,technical_support
billing_inquiry_0185.txt,1226,billing_inquiry
technical_support_0944.txt,1227,technical_support
technical_support_1381.txt,1228,technical_support
account_management_0031.txt,1229,account_management
technical_support_0508.txt,1230,technical_support
technical_support_0736.txt,1230,technical_support
account_management_0104.txt,1231,account_management
account_management_0201.txt,1232,account_management
technical_support_0528.txt,1233,technical_support
technical_support_0308.txt,1234,technical_support
account_management_0155.txt,1235,account_management
billing_inquiry_0212.txt,1235,billing_inquiry
technical_support_0348.txt,1236,technical_support
technical_support_1102.txt,1237,technical_support
billing_inquiry_0076.txt,1238,billing_inquiry
technical_support_1225.txt,1239,technical_support
account_management_0288.txt,1240,account_management
technical_support_0319.txt,1240,technical_support
technical_support_1087.txt,1241,technical_support
technical_support_1337.txt,1241,technical_support
billing_inquiry_0093.txt,1242,billing_inquiry
billing_inquiry_0210.txt,1243,billing_inquiry
account_management_0224.txt,1244,account_management
technical_support_1040.txt,1244,technical_support
technical_support_0095.txt,1245,technical_support
technical_support_0892.txt,1245,technical_support
technical_support_0225.txt,1246,technical_support
account_management_0125.txt,1247,account_management
account_management_0202.txt,1248,account_management
technical_support_0724.txt,1249,technical_support
technical_support_0739.txt,1250,technical_support
technical_support_0780.txt,1251,technical_support
account_management_0111.txt,1252,account_management
technical_support_0357.txt,1253,technical_support
technical_support_1290.txt,1253,technical_support
technical_support_0242.txt,1254,technical_support
technical_support_0268.txt,1254,technical_support
technical_support_0126.txt,1255,technical_support
technical_support_0283.txt,1256,technical_support
technical_support_0750.txt,1257,technical_support
account_management_0194.txt,1258,account_management
technical_support_1347.txt,1258,technical_support
billing_inquiry_0090.txt,1259,billing_inquiry
technical_support_0234.txt,1260,technical_support
technical_support_1054.txt,1261,technical_support
technical_support_1093.txt,1262,technical_support
billing_inquiry_0198.txt,1263,billing_inquiry
technical_support_1007.txt,1263,technical_support
technical_support_0369.txt,1264,technical_support
technical_support_0581.txt,1265,technical_support
technical_support_0570.txt,1266,technical_support
technical_support_0882.txt,1266,technical_support
account_management_0271.txt,1267,account_management
technical_support_1139.txt,1268,technical_support
billing_inquiry_0139.txt,1269,billing_inquiry
technical_support_0395.txt,1270,technical_support
technical_support_0771.txt,1270,technical_support
billing_inquiry_0188.txt,1271,billing_inquiry
billing_inquiry_0271.txt,1271,billing_inquiry
technical_support_0453.txt,1272,technical_support
technical_support_1113.txt,1273,technical_support
technical_support_0077.txt,1274,technical_support
account_management_0065.txt,1275,account_management
account_management_0139.txt,1276,account_management
billing_inquiry_0169.txt,1277,billing_inquiry
account_management_0121.txt,1278,account_management
technical_support_0693.txt,1279,technical_support
technical_support_0850.txt,1279,technical_support
account_management_0146.txt,1280,account_management
account_management_0015.txt,1281,account_management
technical_support_0606.txt,1282,technical_support
technical_support_1368.txt,1282,technical_support
billing_inquiry_0172.txt,1283,billing_inquiry
technical_support_0535.txt,1283,technical_support
account_management_0044.txt,1284,account_management
technical_support_0605.txt,1284,technical_support
technical_support_0093.txt,1285,technical_support
account_management_0132.txt,1286,account_management
billing_inquiry_0161.txt,1286,billing_inquiry
billing_inquiry_0208.txt,1287,billing_inquiry
account_management_0248.txt,1288,account_management
technical_support_0325.txt,1289,technical_support
technical_support_0460.txt,1290,technical_support
technical_support_0165.txt,1291,technical_support
technical_support_0298.txt,1291,technical_support
technical_support_1372.txt,1292,technical_support
technical_support_0776.txt,1293,technical_support
technical_support_1241.txt,1294,technical_support
technical_support_0039.txt,1295,technical_support
billing_inquiry_0112.txt,1296,billing_inquiry
technical_support_0861.txt,1296,technical_support
technical_support_0813.txt,1297,technical_support
technical_support_1339.txt,1298,technical_support
technical_support_0947.txt,1299,technical_support
technical_support_1176.txt,1299,technical_support
billing_inquiry_0134.txt,1300,billing_inquiry
technical_support_0267.txt,1300,technical_support
technical_support_0481.txt,1301,technical_support
technical_support_0643.txt,1301,technical_support
technical_support_1253.txt,1302,technical_support
billing_inquiry_0039.txt,1303,billing_inquiry
technical_support_0526.txt,1303,technical_support
technical_support_0374.txt,1304,technical_support
account_management_0263.txt,1305,account_management
technical_support_0752.txt,1305,technical_support
account_management_0258.txt,1306,account_management
technical_support_0969.txt,1307,technical_support
technical_support_0491.txt,1308,technical_support
account_management_0142.txt,1309,account_management
technical_support_0958.txt,1309,technical_support
technical_support_1072.txt,1310,technical_support
technical_support_0396.txt,1311,technical_support
technical_support_0899.txt,1311,technical_support
account_management_0176.txt,1312,account_management
technical_support_1265.txt,1313,technical_support
technical_support_1333.txt,1313,technical_support
account_management_0119.txt,1314,account_management
billing_inquiry_0194.txt,1314,billing_inquiry
billing_inquiry_0191.txt,1315,billing_inquiry
technical_support_0030.txt,1315,technical_support
technical_support_1341.txt,1316,technical_support
technical_support_1104.txt,1317,technical_support
account_management_0230.txt,1318,account_management
technical_support_0144.txt,1318,technical_support
account_management_0040.txt,1319,account_management
technical_support_0064.txt,1320,technical_support
technical_support_0401.txt,1320,technical_support
technical_support_0627.txt,1321,technical_support
account_management_0002.txt,1322,account_management
technical_support_0487.txt,1323,technical_support
technical_support_0995.txt,1323,technical_support
technical_support_0505.txt,1324,technical_support
billing_inquiry_0031.txt,1325,billing_inquiry
technical_support_0962.txt,1326,technical_support
technical_support_0166.txt,1327,technical_support
technical_support_1230.txt,1328,technical_support
technical_support_1294.txt,1329,technical_support
technical_support_1374.txt,1329,technical_support
technical_support_0709.txt,1330,technical_support
technical_support_1190.txt,1330,technical_support
technical_support_0012.txt,1331,technical_support
technical_support_1124.txt,1331,technical_support
technical_support_0681.txt,1332,technical_support
technical_support_1183.txt,1333,technical_support
account_management_0218.txt,1334,account_management
technical_support_0440.txt,1335,technical_support
billing_inquiry_0066.txt,1336,billing_inquiry
technical_support_0426.txt,1337,technical_support
technical_support_0961.txt,1337,technical_support
billing_inquiry_0240.txt,1338,billing_inquiry
technical_support_0874.txt,1338,technical_support
technical_support_1194.txt,1339,technical_support
technical_support_0879.txt,1340,technical_support
account_management_0007.txt,1341,account_management
technical_support_0330.txt,1341,technical_support
billing_inquiry_0024.txt,1342,billing_inquiry
technical_support_0291.txt,1342,technical_support
technical_support_0002.txt,1343,technical_support
technical_support_1399.txt,1343,technical_support
technical_support_0713.txt,1344,technical_support
technical_support_1356.txt,1344,technical_support
technical_support_0975.txt,1345,technical_support
technical_support_0938.txt,1346,technical_support
technical_support_1299.txt,1346,technical_support
technical_support_0500.txt,1347,technical_support
account_management_0235.txt,1348,account_management
technical_support_0797.txt,1348,technical_support
technical_support_0877.txt,1349,technical_support
technical_support_1226.txt,1350,technical_support
account_management_0024.txt,1351,account_management
technical_support_0534.txt,1352,technical_support
technical_support_1163.txt,1352,technical_support
billing_inquiry_0215.txt,1353,billing_inquiry
technical_support_0484.txt,1354,technical_support
technical_support_0359.txt,1355,technical_support
technical_support_0621.txt,1355,technical_support
technical_support_0182.txt,1356,technical_support
account_management_0131.txt,1357,account_management
technical_support_0189.txt,1357,technical_support
technical_support_0622.txt,1358,technical_support
technical_support_1384.txt,1359,technical_support
technical_support_0794.txt,1360,technical_support
technical_support_1023.txt,1360,technical_support
billing_inquiry_0028.txt,1361,billing_inquiry
billing_inquiry_0014.txt,1362,billing_inquiry
technical_support_0686.txt,1362,technical_support
account_management_0225.txt,1363,account_management
technical_support_1164.txt,1363,technical_support
account_management_0097.txt,1364,account_management
technical_support_0948.txt,1365,technical_support
account_management_0187.txt,1366,account_management
technical_support_0411.txt,1367,technical_support
account_management_0284.txt,1368,account_management
technical_support_0444.txt,1368,technical_support
technical_support_1281.txt,1369,technical_support
technical_support_0142.txt,1370,technical_support
technical_support_0218.txt,1370,technical_support
technical_support_0596.txt,1371,technical_support
technical_support_0278.txt,1372,technical_support
technical_support_1239.txt,1372,technical_support
technical_support_0598.txt,1373,technical_support
technical_support_0930.txt,1374,technical_support
billing_inquiry_0239.txt,1375,billing_inquiry
technical_support_0504.txt,1376,technical_support
technical_support_1375.txt,1377,technical_support
technical_support_0926.txt,1378,technical_support
billing_inquiry_0206.txt,1379,billing_inquiry
technical_support_1393.txt,1379,technical_support
billing_inquiry_0243.txt,1380,billing_inquiry
account_management_0293.txt,1381,account_management
technical_support_0340.txt,1382,technical_support
technical_support_0717.txt,1382,technical_support
technical_support_0211.txt,1383,technical_support
technical_support_1212.txt,1383,technical_support
technical_support_0423.txt,1384,technical_support
billing_inquiry_0136.txt,1385,billing_inquiry
technical_support_0743.txt,1385,technical_support
technical_support_0045.txt,1386,technical_support
technical_support_0871.txt,1387,technical_support
technical_support_1195.txt,1388,technical_support
billing_inquiry_0133.txt,1389,billing_inquiry
technical_support_0562.txt,1389,technical_support
account_management_0136.txt,1390,account_management
billing_inquiry_0249.txt,1391,billing_inquiry
technical_support_0222.txt,1391,technical_support
technical_support_0047.txt,1392,technical_support
technical_support_1049.txt,1393,technical_support
technical_support_1383.txt,1394,technical_support
technical_support_1084.txt,1395,technical_support
billing_inquiry_0170.txt,1396,billing_inquiry
account_management_0115.txt,1397,account_management
technical_support_0974.txt,1398,technical_support
technical_support_0990.txt,1398,technical_support
technical_support_1127.txt,1399,technical_support
technical_support_0065.txt,1400,technical_support
billing_inquiry_0150.txt,1401,billing_inquiry
technical_support_0803.txt,1401,technical_support
technical_support_0541.txt,1402,technical_support
technical_support_0711.txt,1403,technical_support
technical_support_0810.txt,1403,technical_support
billing_inquiry_0253.txt,1404,billing_inquiry
technical_support_0178.txt,1405,technical_support
technical_support_0347.txt,1405,technical_support
billing_inquiry_0035.txt,1406,billing_inquiry
technical_support_1395.txt,1407,technical_support
technical_support_0494.txt,1408,technical_support
technical_support_0894.txt,1408,technical_support
billing_inquiry_0051.txt,1409,billing_inquiry
technical_support_0648.txt,1410,technical_support
technical_support_0701.txt,1410,technical_support
account_management_0147.txt,1411,account_management
technical_support_0728.txt,1411,technical_support
technical_support_0800.txt,1412,technical_support
technical_support_0838.txt,1413,technical_support
billing_inquiry_0247.txt,1414,billing_inquiry
billing_inquiry_0130.txt,1415,billing_inquiry
technical_support_0773.txt,1415,technical_support
technical_support_0128.txt,1416,technical_support
billing_inquiry_0034.txt,1417,billing_inquiry
technical_support_0159.txt,1417,technical_support
technical_support_0148.txt,1418,technical_support
technical_support_1109.txt,1418,technical_support
technical_support_0702.txt,1419,technical_support
technical_support_0329.txt,1420,technical_support
technical_support_1355.txt,1421,technical_support
technical_support_1348.txt,1422,technical_support
account_management_0207.txt,1423,account_management
technical_support_1175.txt,1423,technical_support
technical_support_1379.txt,1424,technical_support
technical_support_1152.txt,1425,technical_support
account_management_0164.txt,1426,account_management
billing_inquiry_0293.txt,1426,billing_inquiry
technical_support_0984.txt,1427,technical_support
billing_inquiry_0167.txt,1428,billing_inquiry
technical_support_0755.txt,1429,technical_support
account_management_0094.txt,1430,account_management
account_management_0143.txt,1430,account_management
billing_inquiry_0094.txt,1431,billing_inquiry
technical_support_0843.txt,1431,technical_support
technical_support_0583.txt,1432,technical_support
technical_support_0141.txt,1433,technical_support
technical_support_1165.txt,1434,technical_support
technical_support_1214.txt,1434,technical_support
technical_support_0667.txt,1435,technical_support
technical_support_0688.txt,1436,technical_support
technical_support_1099.txt,1436,technical_support
technical_support_0001.txt,1437,technical_support
technical_support_0531.txt,1438,technical_support
account_management_0162.txt,1439,account_management
technical_support_0176.txt,1439,technical_support
technical_support_1289.txt,1440,technical_support
account_management_0256.txt,1441,account_management
technical_support_0499.txt,1441,technical_support
technical_support_0341.txt,1442,technical_support
technical_support_0895.txt,1442,technical_support
account_management_0089.txt,1443,account_management
billing_inquiry_0242.txt,1444,billing_inquiry
technical_support_1053.txt,1444,technical_support
technical_support_0637.txt,1445,technical_support
technical_support_0105.txt,1446,technical_support
technical_support_1136.txt,1446,technical_support
technical_support_0136.txt,1447,technical_support
account_management_0199.txt,1448,account_management
technical_support_0179.txt,1448,technical_support
account_management_0190.txt,1449,account_management
technical_support_1391.txt,1450,technical_support
technical_support_0090.txt,1451,technical_support
technical_support_0964.txt,1452,technical_support
billing_inquiry_0019.txt,1453,billing_inquiry
billing_inquiry_0141.txt,1453,billing_inquiry
technical_support_1365.txt,1454,technical_support
technical_support_0097.txt,1455,technical_support
technical_support_0266.txt,1456,technical_support
technical_support_0830.txt,1457,technical_support
billing_inquiry_0027.txt,1458,billing_inquiry
technical_support_1051.txt,1459,technical_support
technical_support_0955.txt,1460,technical_support
account_management_0014.txt,1461,account_management
technical_support_1181.txt,1461,technical_support
technical_support_1058.txt,1462,technical_support
billing_inquiry_0270.txt,1463,billing_inquiry
technical_support_0607.txt,1464,technical_support
technical_support_0320.txt,1465,technical_support
billing_inquiry_0152.txt,1466,billing_inquiry
technical_support_0260.txt,1467,technical_support
technical_support_1387.txt,1467,technical_support
technical_support_0837.txt,1468,technical_support
technical_support_0731.txt,1469,technical_support
technical_support_0867.txt,1469,technical_support
billing_inquiry_0108.txt,1470,billing_inquiry
technical_support_0550.txt,1471,technical_support
account_management_0055.txt,1472,account_management
technical_support_0435.txt,1473,technical_support
technical_support_0633.txt,1473,technical_support
billing_inquiry_0177.txt,1474,billing_inquiry
account_management_0192.txt,1475,account_management
billing_inquiry_0148.txt,1475,billing_inquiry
account_management_0062.txt,1476,account_management
account_management_0066.txt,1477,account_management
technical_support_0265.txt,1478,technical_support
technical_support_0610.txt,1479,technical_support
account_management_0179.txt,1480,account_management
technical_support_0517.txt,1481,technical_support
technical_support_1228.txt,1482,technical_support
technical_support_0786.txt,1483,technical_support
technical_support_0917.txt,1483,technical_support
account_management_0210.txt,1484,account_management
account_management_0286.txt,1485,account_management
technical_support_0909.txt,1485,technical_support
billing_inquiry_0158.txt,1486,billing_inquiry
billing_inquiry_0202.txt,1487,billing_inquiry
billing_inquiry_0264.txt,1488,billing_inquiry
technical_support_0919.txt,1489,technical_support
account_management_0052.txt,1490,account_management
account_management_0229.txt,1491,account_management
technical_support_0710.txt,1492,technical_support
